{
    "verbose": false, 
    "patience": 50, 
    "n_input": 4, 
    "hidden_activation": "tanh", 
    "results": [
        0.11722733825445175, 
        0.07885780930519104, 
        0.10305241495370865, 
        0.13308918476104736, 
        0.07758254557847977
    ], 
    "n_epochs": 10000, 
    "dropout_p": 0, 
    "mean_loss": 0.10196185857057571, 
    "scramble": false, 
    "batch_size_p": 1.0, 
    "stochastic": false, 
    "comb": [
        10, 
        1.0
    ], 
    "n_hidden": 10, 
    "n_output": 19, 
    "name": "Constrained ANN"
}