{
    "name": "ANN",
    "batch_size_p": 1.0,
    "n_epochs": 10000,
    "verbose": true,
    "n_input": 4,
    "n_hidden": 95,
    "n_output": 19,
    "hidden_activation": "tanh",
    "stochastic": false,
    "dropout_p": 0,
    "scramble": false,
    "patience": 50,
    "constrained": true,
    "results": [
        0.09973684698343277,
        0.06860275566577911,
        0.08224179595708847,
        0.11797887831926346,
        0.09155546873807907
    ],
    "comb": [
        95,
        1.0
    ],
    "mean_loss": 0.09202314913272858
}