{
    "output_cols": [
        "process_Hydrogen",
        "process_Methane",
        "process_Ethane",
        "process_Propane",
        "process_i-Butane",
        "process_n-Butane",
        "process_i-Pentane",
        "process_n-Pentane",
        "process_Cyclopentane",
        "process_22-Mbutane",
        "process_23-Mbutane",
        "process_2-Mpentane",
        "process_3-Mpentane",
        "process_n-Hexane",
        "process_Mcyclopentan",
        "process_Benzene",
        "process_Cyclohexane",
        "process_2-Mhexane",
        "process_n-Heptane"
    ],
    "models": [
        {
            "name": "Null",
            "batch_size_p": 0.1,
            "n_epochs": 1000,
            "verbose": true,
            "n_input": 4,
            "n_hidden": 5,
            "n_output": 19,
            "hidden_activation": "tanh",
            "stochastic": false,
            "dropout_p": 0,
            "scramble": true,
            "categorical": true,
            "patience": 50,
            "test_loss": 2.1312756538391113,
            "test_mae_by_output": {
                "process_Hydrogen": 3.6338271127226156e-05,
                "process_Methane": 9.995852145577763e-05,
                "process_Ethane": 0.0013691350463900613,
                "process_Propane": 0.007155882157554895,
                "process_i-Butane": 0.009208050733638914,
                "process_n-Butane": 0.005863432376323482,
                "process_i-Pentane": 0.005277804305141375,
                "process_n-Pentane": 0.004456868232480681,
                "process_Cyclopentane": 8.374375922190433e-05,
                "process_22-Mbutane": 0.01215339742695527,
                "process_23-Mbutane": 0.001571245861503706,
                "process_2-Mpentane": 0.006890214004199992,
                "process_3-Mpentane": 0.0036579046308490145,
                "process_n-Hexane": 0.004835199605916694,
                "process_Mcyclopentan": 0.0016839849817638342,
                "process_Benzene": 4.479163572544952e-05,
                "process_Cyclohexane": 0.0018261851582039802,
                "process_2-Mhexane": 0.003998456223170001,
                "process_n-Heptane": 0.003818114763719231
            }
        },
        {
            "name": "ANN",
            "batch_size_p": 0.1,
            "n_epochs": 1000,
            "verbose": true,
            "n_input": 4,
            "n_hidden": 5,
            "n_output": 19,
            "hidden_activation": "tanh",
            "stochastic": false,
            "dropout_p": 0,
            "scramble": false,
            "categorical": true,
            "patience": 50,
            "results": [
                2.118720769882202,
                2.117640256881714,
                2.316359758377075,
                2.1206252574920654,
                2.1191420555114746
            ],
            "comb": [
                20,
                "relu"
            ],
            "mean_loss": 2.158497619628906,
            "test_loss": 2.1202805042266846,
            "test_mae_by_output": {
                "process_Hydrogen": 2.1823206178082796e-05,
                "process_Methane": 6.702874243217305e-05,
                "process_Ethane": 0.00040466519142534684,
                "process_Propane": 0.0008581867973826995,
                "process_i-Butane": 0.0011576007215498472,
                "process_n-Butane": 0.0007488697455811887,
                "process_i-Pentane": 0.002753372428501984,
                "process_n-Pentane": 0.003322061830417749,
                "process_Cyclopentane": 8.471395301394584e-05,
                "process_22-Mbutane": 0.005120807843034544,
                "process_23-Mbutane": 0.0005222871810518075,
                "process_2-Mpentane": 0.0017919476080948146,
                "process_3-Mpentane": 0.0012761216372502093,
                "process_n-Hexane": 0.0023662349304886094,
                "process_Mcyclopentan": 0.000670227361061416,
                "process_Benzene": 1.235604488521727e-05,
                "process_Cyclohexane": 0.0006115320600618692,
                "process_2-Mhexane": 0.0005805127543174655,
                "process_n-Heptane": 0.0006631475923308728
            }
        }
    ],
    "p_valid": 0.2,
    "ensemble_size": 1
}