{
    "output_cols": [
        "process_Hydrogen",
        "process_Methane",
        "process_Ethane",
        "process_Propane",
        "process_i-Butane",
        "process_n-Butane",
        "process_i-Pentane",
        "process_n-Pentane",
        "process_Cyclopentane",
        "process_22-Mbutane",
        "process_23-Mbutane",
        "process_2-Mpentane",
        "process_3-Mpentane",
        "process_n-Hexane",
        "process_Mcyclopentan",
        "process_Benzene",
        "process_Cyclohexane",
        "process_2-Mhexane",
        "process_n-Heptane"
    ],
    "model_cfg_paths": [
        "null.json",
        "best_ann.json",
        "best_constrained_ann.json"
    ],
    "p_valid": 0.2,
    "model_cfgs": [
        {
            "name": "Null",
            "batch_size_p": 1,
            "n_epochs": 10000,
            "verbose": false,
            "n_input": 4,
            "n_hidden": 20,
            "n_output": 19,
            "hidden_activation": "tanh",
            "stochastic": false,
            "dropout_p": 0,
            "scramble": true,
            "patience": 50,
            "test_mae_by_output": {
                "process_Hydrogen": 1.3950499229218915e-05,
                "process_Methane": 5.930637361419736e-05,
                "process_Ethane": 0.0013516575719891577,
                "process_Propane": 0.007387876667908501,
                "process_i-Butane": 0.009340685989517244,
                "process_n-Butane": 0.006055267424289649,
                "process_i-Pentane": 0.003942887816335272,
                "process_n-Pentane": 0.0037066522812757635,
                "process_Cyclopentane": 4.651902188783208e-05,
                "process_22-Mbutane": 0.012707676094529398,
                "process_23-Mbutane": 0.0015002967977643784,
                "process_2-Mpentane": 0.006849868287783514,
                "process_3-Mpentane": 0.0033928056047718333,
                "process_n-Hexane": 0.0043684333933071825,
                "process_Mcyclopentan": 0.0016857457031300995,
                "process_Benzene": 5.550097326995383e-06,
                "process_Cyclohexane": 0.0018074216902511202,
                "process_2-Mhexane": 0.0032279944600417123,
                "process_n-Heptane": 0.002852250400968277
            }
        },
        {
            "verbose": false,
            "patience": 50,
            "n_input": 4,
            "hidden_activation": "tanh",
            "results": [
                0.11722733825445175,
                0.07885780930519104,
                0.10305241495370865,
                0.13308918476104736,
                0.07758254557847977
            ],
            "n_epochs": 10000,
            "dropout_p": 0,
            "mean_loss": 0.10196185857057571,
            "scramble": false,
            "batch_size_p": 1.0,
            "stochastic": false,
            "comb": [
                10,
                1.0
            ],
            "n_hidden": 10,
            "n_output": 19,
            "name": "Constrained ANN",
            "test_mae_by_output": {
                "process_Hydrogen": 1.372043267916603e-05,
                "process_Methane": 4.190220211348829e-05,
                "process_Ethane": 0.0001831316963465116,
                "process_Propane": 0.00028569877348848374,
                "process_i-Butane": 0.00028740967516580025,
                "process_n-Butane": 0.00020783137079136713,
                "process_i-Pentane": 0.0015445385908084393,
                "process_n-Pentane": 0.0015775361096775694,
                "process_Cyclopentane": 6.420620672993616e-06,
                "process_22-Mbutane": 0.0020704791255703545,
                "process_23-Mbutane": 0.00020064606424834535,
                "process_2-Mpentane": 0.0005080271391965313,
                "process_3-Mpentane": 0.0003687273936690167,
                "process_n-Hexane": 0.0009905200704278766,
                "process_Mcyclopentan": 0.00018516820072739506,
                "process_Benzene": 5.506535697650243e-06,
                "process_Cyclohexane": 0.00018115494185027282,
                "process_2-Mhexane": 0.0002521138685682541,
                "process_n-Heptane": 0.0002442635829713035
            }
        },
        {
            "name": "ANN",
            "batch_size_p": 1.0,
            "n_epochs": 10000,
            "verbose": true,
            "n_input": 4,
            "n_hidden": 95,
            "n_output": 19,
            "hidden_activation": "tanh",
            "stochastic": false,
            "dropout_p": 0,
            "scramble": false,
            "patience": 50,
            "constrained": true,
            "results": [
                0.09973684698343277,
                0.06860275566577911,
                0.08224179595708847,
                0.11797887831926346,
                0.09155546873807907
            ],
            "comb": [
                95,
                1.0
            ],
            "mean_loss": 0.09202314913272858,
            "test_mae_by_output": {
                "process_Hydrogen": 1.3761038390793802e-05,
                "process_Methane": 1.955634849095781e-05,
                "process_Ethane": 0.0001225639101807992,
                "process_Propane": 0.00023035274730827878,
                "process_i-Butane": 0.0002930745496360414,
                "process_n-Butane": 0.0001815989187937872,
                "process_i-Pentane": 0.002232221204867941,
                "process_n-Pentane": 0.0014897434041496451,
                "process_Cyclopentane": 5.990516706958005e-06,
                "process_22-Mbutane": 0.0019653138762055124,
                "process_23-Mbutane": 0.0001718482173705018,
                "process_2-Mpentane": 0.000689413553138274,
                "process_3-Mpentane": 0.0006630728346186034,
                "process_n-Hexane": 0.0008808392402243919,
                "process_Mcyclopentan": 0.00016964355729858792,
                "process_Benzene": 5.487924797361628e-06,
                "process_Cyclohexane": 0.00019401050032396818,
                "process_2-Mhexane": 0.0001976671899420403,
                "process_n-Heptane": 0.00019382229235752538
            }
        }
    ]
}