{
    "output_cols": [
        "process_Hydrogen",
        "process_Methane",
        "process_Ethane",
        "process_Propane",
        "process_i-Butane",
        "process_n-Butane",
        "process_i-Pentane",
        "process_n-Pentane",
        "process_Cyclopentane",
        "process_22-Mbutane",
        "process_23-Mbutane",
        "process_2-Mpentane",
        "process_3-Mpentane",
        "process_n-Hexane",
        "process_Mcyclopentan",
        "process_Benzene",
        "process_Cyclohexane",
        "process_2-Mhexane",
        "process_n-Heptane"
    ],
    "model": {
        "name": "Linear (All Effects)",
        "batch_size_p": 1,
        "n_epochs": 10000,
        "verbose": true,
        "n_input": 4,
        "n_output": 19,
        "patience": 50,
        "degree": 1,
        "effects": "all"
    },
    "hyperparams": {
        "batch_size_p": [
            1.0
        ]
    },
    "folds": 5,
    "dataset": "iso_train.csv",
    "test_mae_by_output": {
        "process_Hydrogen": 1.3597714686731776e-05,
        "process_Methane": 5.849047201276741e-05,
        "process_Ethane": 0.00040188294378140155,
        "process_Propane": 0.0008488526414468571,
        "process_i-Butane": 0.001201774942429493,
        "process_n-Butane": 0.0007279620202331361,
        "process_i-Pentane": 0.0035667397539140455,
        "process_n-Pentane": 0.0036194633342137065,
        "process_Cyclopentane": 8.478928256858148e-06,
        "process_22-Mbutane": 0.007343851428457604,
        "process_23-Mbutane": 0.0009922052060212735,
        "process_2-Mpentane": 0.0013102282924903634,
        "process_3-Mpentane": 0.0013181957096943218,
        "process_n-Hexane": 0.0024618171047642626,
        "process_Mcyclopentan": 0.0012259927765133627,
        "process_Benzene": 5.374211741957017e-06,
        "process_Cyclohexane": 0.0008859921179330185,
        "process_2-Mhexane": 0.001536603904744935,
        "process_n-Heptane": 0.001572934392298245
    }
}