{
    "output_cols": [
        "process_Hydrogen",
        "process_Methane",
        "process_Ethane",
        "process_Propane",
        "process_i-Butane",
        "process_n-Butane",
        "process_i-Pentane",
        "process_n-Pentane",
        "process_Cyclopentane",
        "process_22-Mbutane",
        "process_23-Mbutane",
        "process_2-Mpentane",
        "process_3-Mpentane",
        "process_n-Hexane",
        "process_Mcyclopentan",
        "process_Benzene",
        "process_Cyclohexane",
        "process_2-Mhexane",
        "process_n-Heptane"
    ],
    "model": {
        "name": "Linear (Main Effects)",
        "batch_size_p": 1,
        "n_epochs": 10000,
        "verbose": true,
        "n_input": 4,
        "n_output": 19,
        "patience": 50,
        "degree": 1,
        "effects": "main_only"
    },
    "hyperparams": {
        "batch_size_p": [
            1.0
        ]
    },
    "folds": 5,
    "dataset": "iso_train.csv",
    "test_mae_by_output": {
        "process_Hydrogen": 1.363082000191239e-05,
        "process_Methane": 5.855797792426015e-05,
        "process_Ethane": 0.00045535434093123164,
        "process_Propane": 0.0008521435476700202,
        "process_i-Butane": 0.0012528672786204858,
        "process_n-Butane": 0.000729811357225532,
        "process_i-Pentane": 0.0035613772257787274,
        "process_n-Pentane": 0.003680156915855771,
        "process_Cyclopentane": 9.126509983038859e-06,
        "process_22-Mbutane": 0.0074209807676291,
        "process_23-Mbutane": 0.0014753776603271059,
        "process_2-Mpentane": 0.0013241416069743226,
        "process_3-Mpentane": 0.001328498781310949,
        "process_n-Hexane": 0.0026112514815533655,
        "process_Mcyclopentan": 0.0016614166693626681,
        "process_Benzene": 5.389556693121414e-06,
        "process_Cyclohexane": 0.0012080200807152582,
        "process_2-Mhexane": 0.0019541701747571075,
        "process_n-Heptane": 0.0019750744455454498
    }
}