{
    "output_cols": [
        "process_Hydrogen",
        "process_Methane",
        "process_Ethane",
        "process_Propane",
        "process_i-Butane",
        "process_n-Butane",
        "process_i-Pentane",
        "process_n-Pentane",
        "process_Cyclopentane",
        "process_22-Mbutane",
        "process_23-Mbutane",
        "process_2-Mpentane",
        "process_3-Mpentane",
        "process_n-Hexane",
        "process_Mcyclopentan",
        "process_Benzene",
        "process_Cyclohexane",
        "process_2-Mhexane",
        "process_n-Heptane"
    ],
    "model": {
        "name": "Null",
        "batch_size_p": 1.0,
        "n_epochs": 10000,
        "verbose": true,
        "n_input": 4,
        "n_hidden": 20,
        "n_output": 19,
        "hidden_activation": "tanh",
        "stochastic": false,
        "dropout_p": 0,
        "scramble": true,
        "patience": 50,
        "features": "load_ann_features"
    },
    "hyperparams": {
        "n_hidden": [
            1,
            5,
            10,
            20,
            50,
            100
        ],
        "batch_size_p": [
            0.1,
            0.5,
            1.0
        ]
    },
    "folds": 5,
    "dataset": "iso_train.csv",
    "test_mae_by_output": {
        "process_Hydrogen": 1.3964029879300064e-05,
        "process_Methane": 5.927781596534001e-05,
        "process_Ethane": 0.001390644841592753,
        "process_Propane": 0.007023297654653239,
        "process_i-Butane": 0.009279410566420582,
        "process_n-Butane": 0.0057249764495442695,
        "process_i-Pentane": 0.003937933775441608,
        "process_n-Pentane": 0.00367572475533353,
        "process_Cyclopentane": 5.2117300560539194e-05,
        "process_22-Mbutane": 0.012246320771468852,
        "process_23-Mbutane": 0.0015131034576657146,
        "process_2-Mpentane": 0.006975247788635154,
        "process_3-Mpentane": 0.0033967307797184896,
        "process_n-Hexane": 0.004343582164215786,
        "process_Mcyclopentan": 0.001665217913239221,
        "process_Benzene": 5.455898789080369e-06,
        "process_Cyclohexane": 0.0018433399532339655,
        "process_2-Mhexane": 0.003181146390488045,
        "process_n-Heptane": 0.002871027009727596
    }
}