{
    "output_cols": [
        "process_Hydrogen",
        "process_Methane",
        "process_Ethane",
        "process_Propane",
        "process_i-Butane",
        "process_n-Butane",
        "process_i-Pentane",
        "process_n-Pentane",
        "process_Cyclopentane",
        "process_22-Mbutane",
        "process_23-Mbutane",
        "process_2-Mpentane",
        "process_3-Mpentane",
        "process_n-Hexane",
        "process_Mcyclopentan",
        "process_Benzene",
        "process_Cyclohexane",
        "process_2-Mhexane",
        "process_n-Heptane"
    ],
    "model": {
        "name": "Quadratic (All Effects)",
        "batch_size_p": 1,
        "n_epochs": 10000,
        "verbose": true,
        "n_input": 4,
        "n_hidden": 5,
        "n_output": 19,
        "patience": 50,
        "degree": 2,
        "effects": "all"
    },
    "hyperparams": {
        "batch_size_p": [
            1.0
        ]
    },
    "folds": 5,
    "dataset": "iso_train.csv",
    "test_mae_by_output": {
        "process_Hydrogen": 1.3713755660837337e-05,
        "process_Methane": 5.8584072842266114e-05,
        "process_Ethane": 0.00028327373837316123,
        "process_Propane": 0.001040343032646669,
        "process_i-Butane": 0.0014850801796981311,
        "process_n-Butane": 0.0008824274482802462,
        "process_i-Pentane": 0.0032161604312137596,
        "process_n-Pentane": 0.003517506570828391,
        "process_Cyclopentane": 1.106672717550801e-05,
        "process_22-Mbutane": 0.007391278868082347,
        "process_23-Mbutane": 0.0009020253687391512,
        "process_2-Mpentane": 0.0013025901488517486,
        "process_3-Mpentane": 0.0012062554466287193,
        "process_n-Hexane": 0.002382933410067352,
        "process_Mcyclopentan": 0.0012387847070529302,
        "process_Benzene": 5.403113716417167e-06,
        "process_Cyclohexane": 0.0008246779999883943,
        "process_2-Mhexane": 0.0011784439781368354,
        "process_n-Heptane": 0.001247859236270059
    }
}