{
    "output_cols": [
        "process_Hydrogen",
        "process_Methane",
        "process_Ethane",
        "process_Propane",
        "process_i-Butane",
        "process_n-Butane",
        "process_i-Pentane",
        "process_n-Pentane",
        "process_Cyclopentane",
        "process_22-Mbutane",
        "process_23-Mbutane",
        "process_2-Mpentane",
        "process_3-Mpentane",
        "process_n-Hexane",
        "process_Mcyclopentan",
        "process_Benzene",
        "process_Cyclohexane",
        "process_2-Mhexane",
        "process_n-Heptane"
    ],
    "model": {
        "name": "Quadratic (All Effects)",
        "batch_size_p": 1,
        "n_epochs": 10000,
        "verbose": true,
        "n_input": 4,
        "n_output": 19,
        "patience": 50,
        "degree": 2,
        "effects": "all"
    },
    "hyperparams": {
        "batch_size_p": [
            1.0
        ]
    },
    "folds": 5,
    "dataset": "iso_train.csv",
    "test_mae_by_output": {
        "process_Hydrogen": 1.3704863921876086e-05,
        "process_Methane": 5.8513214514640494e-05,
        "process_Ethane": 0.00028128453057637545,
        "process_Propane": 0.0011052090303827066,
        "process_i-Butane": 0.001538127481000011,
        "process_n-Butane": 0.0009154705227737566,
        "process_i-Pentane": 0.0031416710141643957,
        "process_n-Pentane": 0.0035119216434211734,
        "process_Cyclopentane": 1.1620954136802762e-05,
        "process_22-Mbutane": 0.007351082871378765,
        "process_23-Mbutane": 0.0009069022663414006,
        "process_2-Mpentane": 0.0012662938962534624,
        "process_3-Mpentane": 0.0012019652180956031,
        "process_n-Hexane": 0.0024095353542658306,
        "process_Mcyclopentan": 0.0012207205715486014,
        "process_Benzene": 5.378402426652037e-06,
        "process_Cyclohexane": 0.0008323378343342343,
        "process_2-Mhexane": 0.0011647569850806374,
        "process_n-Heptane": 0.0012319553783746425
    }
}